Workbook

Sheet README
A1: Fiji Lakilaki Field Survey Template (Cross-sections + Groundwater)
A3: Purpose | B3: Use this workbook to convert your GNSS + level survey + water depth notes into river stage / bed elevation / groundwater head values for MODFLOW.
A4: Current assumption | B4: EGM96 geoid height is provisionally set to 55.0 m. Replace with accurate site values later in Controls or River_Points/Groundwater.
A5: River workflow | B5: 1) Enter rod readings, distances, depths, velocities, and subsection widths on FR2/FR3/FR4. 2) Point elevation is computed from No.1 elevation + (R1 - Ri). 3) Water surface elevation and discharge are computed automatically.
A6: Groundwater workflow | B6: Enter depth-to-water for FG1 and FG2. Groundwater head is computed from GNSS APC height - antenna height - geoid height - depth to water.
A7: No.1 interpretation | B7: No.1 is the surveyed ground point near the river where the GNSS antenna was set. It is the absolute elevation reference for the cross-section.
A8: Recommended next step | B8: After entering rod readings, compare section mean water surface elevation and total discharge on the Summary sheet with the MODFLOW river stage / observed Q.
A20: Update note | B20: Groundwater GNSS screenshots + field chemistry notes added. See Groundwater, Model_GW_Obs, Chemistry_Notes, and GW_Uncertainty.

Sheet Controls
A1: Controls / Assumptions
A3: Item | B3: Value | C3: Units | D3: Role | E3: Notes
A4: Antenna height | B4: 2.06 | C4: m | D4: Input | E4: Applied to all current GNSS points unless a point-specific value is entered elsewhere.
A5: Default provisional geoid height | B5: 55 | C5: m | D5: Input | E5: Temporary EGM96 approximation for Fiji. Replace with exact site N values later.
A6: Discharge method | B6: mid-section | D6: Static | E6: Subsection area = assigned width × water depth; subsection Q = area × velocity.
A7: Point elevation formula | B7: Z_i = Z_No1 + (R1 - Ri) | D7: Static | E7: Larger rod reading means lower elevation.
A8: Groundwater head formula | B8: Head = h_APC - antenna - geoid - DTW | D8: Static | E8: DTW = depth to water below surveyed point.

Sheet River_Points
A1: River observation points (GNSS + provisional elevation)
A3: Site | B3: Lat | C3: Lon | D3: GNSS APC h (m) | E3: Antenna h (m) | F3: Geoid N (m) | G3: No.1 point elev (m) | H3: Approx observed Q (m3/s) | I3: Use in model | J3: Notes
A4: FR2 | B4: -17.380329 | C4: 178.15411 | D4: 59.950848 | E4: =Controls!B4 | F4: =Controls!B5 | G4: =D4-E4-F4 | H4: 1.7 | I4: Cross-section / river stage | J4: Replace geoid with exact EGM96 N when available.
A5: FR3 | B5: -17.403355 | C5: 178.1147 | D5: 82.351919 | E5: =Controls!B4 | F5: =Controls!B5 | G5: =D5-E5-F5 | H5: 1.3 | I5: Cross-section / river stage | J5: Observed Q provisional pending full field-book reduction.
A6: FR4 | B6: -17.357295 | C6: 178.18246 | D6: 89.191828 | E6: =Controls!B4 | F6: =Controls!B5 | G6: =D6-E6-F6 | H6: 0.12 | I6: Cross-section / river stage | J6: Observed Q provisional pending full field-book reduction.
A7: FR5 | B7: -17.4253 | C7: 178.07793 | D7: 167.28008 | E7: =Controls!B4 | F7: =Controls!B5 | G7: =D7-E7-F7 | I7: Upper stream cross-section / river stage | J7: GNSS captured near upper-village section. Replace geoid with exact EGM96 N later.
A8: FR6 | B8: -17.421141 | C8: 178.0783 | D8: 155.99836 | E8: =Controls!B4 | F8: =Controls!B5 | G8: =D8-E8-F8 | I8: Confluence downstream cross-section / river stage | J8: GNSS captured near confluence section. Replace geoid with exact EGM96 N later.
A9: FR7 | B9: -17.427545 | C9: 178.08441 | D9: 171.1083 | E9: =Controls!B4 | F9: =Controls!B5 | G9: =D9-E9-F9 | H9: 0.022666667 | I9: Bag method / small split flow | J9: Two small flows measured by plastic bag; sum of 19.2 and 3.4667 L/s.

Sheet Groundwater
A1: Groundwater observation points
A3: Site | B3: Lat | C3: Lon | D3: GNSS APC h (m) | E3: Antenna h (m) | F3: Geoid N (m) | G3: Ground point elev (m) | H3: Depth to water (m) | I3: GW head (m) | J3: Use in model | K3: Notes
A4: FG1 | B4: -17.357254 | C4: 178.18272 | D4: 93.658946 | E4: =Controls!B4 | F4: =Controls!B5 | G4: =D4-E4-F4 | H4: 2.83 | I4: =IF(H4="","",G4-H4) | J4: Head calibration point | K4: Water table depth (GL) written on field sheet. Well depth GL = 5.5 m. pH 6.72; EC 323 µS/cm; ORP 230.1 mV; DO 1.23/2.90 mg/L.
A5: FG2 | B5: -17.358543 | C5: 178.18754 | D5: 103.31745 | E5: =Controls!B4 | F5: =Controls!B5 | G5: =D5-E5-F5 | I5: =IF(H5="","",G5-H5) | J5: Potential head calibration point | K5: Wellhead = 0.45 m written. Sketch shows 2.230 m and 3.4 m, but meaning needs confirmation. pH 7.06; EC 447 µS/cm; ORP 219.9 mV; DO 1.53 mg/L.
A6: FG3 | B6: -17.400438 | C6: 178.23742 | D6: 97.973047 | E6: =Controls!B4 | F6: =Controls!B5 | G6: =D6-E6-F6 | I6: =IF(H6="","",G6-H6) | J6: Chemistry / spring checkpoint | K6: Spring / special water point. No head interpretation entered. pH 8.11; EC 297 µS/cm; ORP 219.6 mV; DO 6.30/6.95 mg/L.
A7: FG4 | B7: -17.335199 | C7: 178.21118 | D7: 62.215446 | E7: =Controls!B4 | F7: =Controls!B5 | G7: =D7-E7-F7 | I7: =IF(H7="","",G7-H7) | J7: Potential head calibration point | K7: Wellhead = 0.55 m written. Sketch shows 2.910 m; meaning needs confirmation. pH 7.16; EC 542 µS/cm; ORP 125.9 mV; DO 2.79/7.63 mg/L.
A8: FG5 | B8: -17.358775 | C8: 178.18485 | D8: 112.72176 | E8: =Controls!B4 | F8: =Controls!B5 | G8: =D8-E8-F8 | I8: =IF(H8="","",G8-H8) | J8: Chemistry / warm-water checkpoint | K8: Likely warm groundwater / hot spring influenced. pH 6.92; EC 693 µS/cm; ORP 209.6 mV; DO 4.76/7.06 mg/L.
A9: FG6 | B9: -17.401879 | C9: 178.13796 | D9: 74.183982 | E9: =Controls!B4 | F9: =Controls!B5 | G9: =D9-E9-F9 | I9: =IF(H9="","",G9-H9) | J9: Chemistry / warm-water checkpoint | K9: Likely warm groundwater / hot spring influenced. pH 7.65; EC 411 µS/cm; ORP 137.6 mV; DO 1.48/1.93 mg/L.
A10: FG7 | B10: -17.404422 | C10: 178.13258 | D10: 89.041398 | E10: =Controls!B4 | F10: =Controls!B5 | G10: =D10-E10-F10 | I10: =IF(H10="","",G10-H10) | J10: Potential head calibration point | K10: Sketch shows wellhead 0.42 m, 5.1 m, and ~7.75 m; interpretation needs confirmation. pH 7.02; EC 249 µS/cm; ORP -4.4 mV; DO 0.40/1.29 mg/L.
A11: FG8 | B11: -17.400856 | C11: 178.14031 | D11: 84.544351 | E11: =Controls!B4 | F11: =Controls!B5 | G11: =D11-E11-F11 | I11: =IF(H11="","",G11-H11) | J11: Potential head calibration point | K11: Sketch shows wellhead 0.40 m, water depth ~4.70 m and well depth ~6.70 m? confirm. pH 6.53; EC 705 µS/cm; ORP 143.9 mV; DO 2.38/2.99 mg/L.
A12: FG9 | B12: -17.647124 | C12: 178.75972 | D12: 82.623032 | E12: =Controls!B4 | F12: =Controls!B5 | G12: =D12-E12-F12 | I12: =IF(H12="","",G12-H12) | J12: Chemistry point | K12: No water-level data visible on sheet. pH 6.21; EC 193.4 µS/cm; ORP 260.2 mV; DO 4.68/7.51 mg/L.
A13: FG10 | J13: Chemistry point | K13: GNSS not yet linked in workbook. pH 7.22; EC 132.8 µS/cm; ORP 103.9 mV; DO entry needs confirmation (written as 10.24/0.24 mg/L).

Sheet FR2
A1: FR2 cross-section reduction
A3: Metadata | B3: Value
A4: Site | B4: FR2
A5: No.1 point elevation (m) | B5: =River_Points!G4
A6: Approx observed Q target (m3/s) | B6: 1.7
A7: Section mean stage (m) | B7: =IF(COUNTA(F10:F40)=0,"",AVERAGE(F10:F40))
A8: Section mean bed elev (m) | B8: =IF(COUNTA(D10:D40)=0,"",AVERAGE(D10:D40)) | C8: Rod reading R (m) | D8: Point elev Z (m) | E8: Water depth d (m) | F8: Water surface elev Zw (m) | G8: Velocity (m/s) | H8: Assigned subsection width (m) | I8: Subsection area (m2) | J8: Subsection Q (m3/s) | K8: Notes
A9: Computed total Q (m3/s) | B9: =IF(COUNTA(J10:J40)=0,"",SUM(J10:J40)) | D9: =IF(C9="","",$B$5+($C$9-C9)) | F9: =IF(OR(D9="",E9=""),"",D9+E9) | I9: =IF(OR(E9="",H9=""),"",E9*H9) | J9: =IF(OR(I9="",G9=""),"",I9*G9) | K9: GNSS point on ground near river
A10: No.2 | B10: 5 | D10: =IF(C10="","",$B$5+($C$9-C10)) | E10: 0.56 | F10: =IF(OR(D10="",E10=""),"",D10+E10) | G10: 0.32 | I10: =IF(OR(E10="",H10=""),"",E10*H10) | J10: =IF(OR(I10="",G10=""),"",I10*G10)
A11: Point | B11: Distance from No.1 (m) | C11: Rod reading R (m) | D11: Point/bed elev Z (m) | E11: Water depth d (m) | F11: Water surface elev Zw (m) | G11: Velocity (m/s) | H11: Mid-section width (m) | I11: Subsection area (m2) | J11: Subsection Q (m3/s) | K11: Notes
A12: No.1 | B12: 0 | C12: 1.228 | D12: =IF(C12="","",$B$5+($C$12-C12)) | F12: =IF(OR(D12="",E12=""),"",D12+E12) | H12: =IF(B13="","",B13/2) | I12: =IF(OR(E12="",H12=""),"",E12*H12) | J12: =IF(OR(I12="",G12=""),"",I12*G12) | K12: GNSS point on ground near river
A13: No.2 | B13: 5 | C13: 1.835 | D13: =IF(C13="","",$B$5+($C$12-C13)) | E13: 0.56 | F13: =IF(OR(D13="",E13=""),"",D13+E13) | G13: 0.32 | H13: =IF(OR(B14="",B12=""),"", (B14-B12)/2) | I13: =IF(OR(E13="",H13=""),"",E13*H13) | J13: =IF(OR(I13="",G13=""),"",I13*G13) | K13: Rod readings transcribed from field notebook photo.
A14: No.3 | B14: 10 | C14: 1.655 | D14: =IF(C14="","",$B$5+($C$12-C14)) | E14: 0.37 | F14: =IF(OR(D14="",E14=""),"",D14+E14) | G14: 0.32 | H14: =IF(OR(B15="",B13=""),"", (B15-B13)/2) | I14: =IF(OR(E14="",H14=""),"",E14*H14) | J14: =IF(OR(I14="",G14=""),"",I14*G14)
A15: No.4 | B15: 16.5 | C15: 1.95 | D15: =IF(C15="","",$B$5+($C$12-C15)) | E15: 0.15 | F15: =IF(OR(D15="",E15=""),"",D15+E15) | G15: 0.356 | H15: =IF(OR(B15="",B14=""),"", (B15-B14)/2) | I15: =IF(OR(E15="",H15=""),"",E15*H15) | J15: =IF(OR(I15="",G15=""),"",I15*G15) | K15: No.4 distance updated to 16.5 m based on note.

Sheet FR3
A1: FR3 cross-section reduction
A3: Metadata | B3: Value
A4: Site | B4: FR3
A5: No.1 point elevation (m) | B5: =River_Points!G5
A6: Approx observed Q target (m3/s) | B6: 1.3
A7: Section mean stage (m) | B7: =IF(COUNTA(F10:F40)=0,"",AVERAGE(F10:F40))
A8: Section mean bed elev (m) | B8: =IF(COUNTA(D10:D40)=0,"",AVERAGE(D10:D40)) | C8: Rod reading R (m) | D8: Point elev Z (m) | E8: Water depth d (m) | F8: Water surface elev Zw (m) | G8: Velocity (m/s) | H8: Assigned subsection width (m) | I8: Subsection area (m2) | J8: Subsection Q (m3/s) | K8: Notes
A9: Computed total Q (m3/s) | B9: =IF(COUNTA(J10:J40)=0,"",SUM(J10:J40)) | D9: =IF(C9="","",$B$5+($C$9-C9)) | F9: =IF(OR(D9="",E9=""),"",D9+E9) | I9: =IF(OR(E9="",H9=""),"",E9*H9) | J9: =IF(OR(I9="",G9=""),"",I9*G9) | K9: GNSS point on ground near river
A10: No.2 | B10: 4.3 | D10: =IF(C10="","",$B$5+($C$9-C10)) | E10: 0.36 | F10: =IF(OR(D10="",E10=""),"",D10+E10) | G10: 0.04 | I10: =IF(OR(E10="",H10=""),"",E10*H10) | J10: =IF(OR(I10="",G10=""),"",I10*G10)
A11: Point | B11: Distance from No.1 (m) | C11: Rod reading R (m) | D11: Point/bed elev Z (m) | E11: Water depth d (m) | F11: Water surface elev Zw (m) | G11: Velocity (m/s) | H11: Mid-section width (m) | I11: Subsection area (m2) | J11: Subsection Q (m3/s) | K11: Notes
A12: No.1 | B12: 0 | C12: 1.607 | D12: =IF(C12="","",$B$5+($C$12-C12)) | F12: =IF(OR(D12="",E12=""),"",D12+E12) | H12: =IF(B13="","",B13/2) | I12: =IF(OR(E12="",H12=""),"",E12*H12) | J12: =IF(OR(I12="",G12=""),"",I12*G12) | K12: GNSS point on ground near river
A13: No.2 | B13: 4.3 | C13: 1.99 | D13: =IF(C13="","",$B$5+($C$12-C13)) | E13: 0.36 | F13: =IF(OR(D13="",E13=""),"",D13+E13) | G13: 0.04 | H13: =IF(OR(B14="",B12=""),"", (B14-B12)/2) | I13: =IF(OR(E13="",H13=""),"",E13*H13) | J13: =IF(OR(I13="",G13=""),"",I13*G13) | K13: Rod readings transcribed from field notebook photo.
A14: No.3 | B14: 7.3 | C14: 2.164 | D14: =IF(C14="","",$B$5+($C$12-C14)) | E14: 0.55 | F14: =IF(OR(D14="",E14=""),"",D14+E14) | G14: 0.58 | H14: =IF(OR(B15="",B13=""),"", (B15-B13)/2) | I14: =IF(OR(E14="",H14=""),"",E14*H14) | J14: =IF(OR(I14="",G14=""),"",I14*G14) | K14: No.3 velocity read as 0.58 m/s from notebook; verify if needed.
A15: No.4 | B15: 9.5 | C15: 1.952 | D15: =IF(C15="","",$B$5+($C$12-C15)) | E15: 0.36 | F15: =IF(OR(D15="",E15=""),"",D15+E15) | G15: 0.277 | H15: =IF(OR(B16="",B14=""),"", (B16-B14)/2) | I15: =IF(OR(E15="",H15=""),"",E15*H15) | J15: =IF(OR(I15="",G15=""),"",I15*G15)
A16: No.5 | B16: 11.3 | C16: 1.763 | D16: =IF(C16="","",$B$5+($C$12-C16)) | E16: 0.15 | F16: =IF(OR(D16="",E16=""),"",D16+E16) | G16: 0.242 | H16: =IF(OR(B17="",B15=""),"", (B17-B15)/2) | I16: =IF(OR(E16="",H16=""),"",E16*H16) | J16: =IF(OR(I16="",G16=""),"",I16*G16)
A17: No.6 | B17: 13.3 | C17: 1.773 | D17: =IF(C17="","",$B$5+($C$12-C17)) | E17: 0.15 | F17: =IF(OR(D17="",E17=""),"",D17+E17) | G17: -0.041 | H17: =IF(OR(B17="",B16=""),"", (B17-B16)/2) | I17: =IF(OR(E17="",H17=""),"",E17*H17) | J17: =IF(OR(I17="",G17=""),"",I17*G17) | K17: No.6 velocity read as -0.041 m/s from notebook; verify sign if needed.

Sheet FR4
A1: FR4 cross-section reduction
A3: Metadata | B3: Value
A4: Site | B4: FR4
A5: No.1 point elevation (m) | B5: =River_Points!G6
A6: Approx observed Q target (m3/s) | B6: 0.12
A7: Section mean stage (m) | B7: =IF(COUNTA(F10:F40)=0,"",AVERAGE(F10:F40))
A8: Section mean bed elev (m) | B8: =IF(COUNTA(D10:D40)=0,"",AVERAGE(D10:D40)) | C8: Rod reading R (m) | D8: Point elev Z (m) | E8: Water depth d (m) | F8: Water surface elev Zw (m) | G8: Velocity (m/s) | H8: Assigned subsection width (m) | I8: Subsection area (m2) | J8: Subsection Q (m3/s) | K8: Notes
A9: Computed total Q (m3/s) | B9: =IF(COUNTA(J10:J40)=0,"",SUM(J10:J40)) | D9: =IF(C9="","",$B$5+($C$9-C9)) | F9: =IF(OR(D9="",E9=""),"",D9+E9) | I9: =IF(OR(E9="",H9=""),"",E9*H9) | J9: =IF(OR(I9="",G9=""),"",I9*G9) | K9: GNSS point on ground near river
A10: No.2 | D10: =IF(C10="","",$B$5+($C$9-C10)) | E10: 0.19 | F10: =IF(OR(D10="",E10=""),"",D10+E10) | G10: 0.219 | I10: =IF(OR(E10="",H10=""),"",E10*H10) | J10: =IF(OR(I10="",G10=""),"",I10*G10)
A11: Point | B11: Distance from No.1 (m) | C11: Rod reading R (m) | D11: Point/bed elev Z (m) | E11: Water depth d (m) | F11: Water surface elev Zw (m) | G11: Velocity (m/s) | H11: Mid-section width (m) | I11: Subsection area (m2) | J11: Subsection Q (m3/s) | K11: Notes
A12: No.1 | B12: 0 | C12: 1.427 | D12: =IF(C12="","",$B$5+($C$12-C12)) | F12: =IF(OR(D12="",E12=""),"",D12+E12) | H12: =IF(B13="","",B13/2) | I12: =IF(OR(E12="",H12=""),"",E12*H12) | J12: =IF(OR(I12="",G12=""),"",I12*G12) | K12: No.1 rod reading transcribed from field notebook photo.
A13: No.2 | B13: 0.8 | C13: 2.052 | D13: =IF(C13="","",$B$5+($C$12-C13)) | E13: 0.19 | F13: =IF(OR(D13="",E13=""),"",D13+E13) | G13: 0.219 | H13: =IF(OR(B14="",B12=""),"", (B14-B12)/2) | I13: =IF(OR(E13="",H13=""),"",E13*H13) | J13: =IF(OR(I13="",G13=""),"",I13*G13) | K13: Distance from No.1 confirmed from notebook convention: opposite bank = 0 m, No.1 = 2.8 m.
A14: No.3 | B14: 1.3 | C14: 2.18 | D14: =IF(C14="","",$B$5+($C$12-C14)) | E14: 0.16 | F14: =IF(OR(D14="",E14=""),"",D14+E14) | G14: 0.277 | H14: =IF(OR(B15="",B13=""),"", (B15-B13)/2) | I14: =IF(OR(E14="",H14=""),"",E14*H14) | J14: =IF(OR(I14="",G14=""),"",I14*G14) | K14: Distance from No.1 confirmed from notebook convention.
A15: No.4 | B15: 1.8 | C15: 2.183 | D15: =IF(C15="","",$B$5+($C$12-C15)) | E15: 0.08 | F15: =IF(OR(D15="",E15=""),"",D15+E15) | G15: 0.258 | H15: =IF(OR(B16="",B14=""),"", (B16-B14)/2) | I15: =IF(OR(E15="",H15=""),"",E15*H15) | J15: =IF(OR(I15="",G15=""),"",I15*G15) | K15: Distance from No.1 confirmed from notebook convention.
A16: No.5 | B16: 2.8 | C16: 2.195 | D16: =IF(C16="","",$B$5+($C$12-C16)) | E16: 0.18 | F16: =IF(OR(D16="",E16=""),"",D16+E16) | G16: 0.264 | H16: =IF(OR(B16="",B15=""),"", (B16-B15)/2) | I16: =IF(OR(E16="",H16=""),"",E16*H16) | J16: =IF(OR(I16="",G16=""),"",I16*G16) | K16: Distance from No.1 confirmed from notebook convention.

Sheet Summary
A1: Survey-derived field values and model comparison
A3: Site | B3: No.1 elev (m) | C3: Section mean point elev (m) | D3: Section mean stage (m) | E3: Field-calculated Q (m3/s) | F3: Simulated Q (m3/s) | G3: Difference (sim-field) | H3: Notes
A4: FR2 | B4: =River_Points!G4 | C4: =FR2!B8 | D4: =FR2!B7 | E4: =FR2!B9 | G4: =IF(OR(E4="",F4=""),"",F4-E4) | H4: Use stage / bed / Q to update MODFLOW river package.
A5: FR2 (repeat 3/24) | B5: =River_Points!G4 | C5: =FR2_0324!B8 | D5: =FR2_0324!B7 | E5: =FR2_0324!B9 | G5: =IF(OR(E5="",F5=""),"",F5-E5) | H5: Repeat measurement during pressure sensor recovery.
A6: FR3 | B6: =River_Points!G5 | C6: =FR3!B8 | D6: =FR3!B7 | E6: =FR3!B9 | G6: =IF(OR(E6="",F6=""),"",F6-E6) | H6: Check No.3 and No.6 velocities in field note.
A7: FR4 | B7: =River_Points!G6 | C7: =FR4!B8 | D7: =FR4!B7 | E7: =FR4!B9 | G7: =IF(OR(E7="",F7=""),"",F7-E7) | H7: FR4 distances inferred from field notebook; verify final stationing if needed.
A8: FR5 | B8: =River_Points!G7 | C8: =FR5!B8 | D8: =FR5!B7 | E8: =FR5!B9 | G8: =IF(OR(E8="",F8=""),"",F8-E8) | H8: Upper-stream village section added from later field notebook photo.
A9: FR6 | B9: =River_Points!G8 | C9: =FR6!B8 | D9: =FR6!B7 | E9: =FR6!B9 | G9: =IF(OR(E9="",F9=""),"",F9-E9) | H9: Confluence section added from later field notebook photo.
A10: FR7 | B10: =River_Points!G9 | E10: =FR7!B9 | G10: =IF(OR(E10="",F10=""),"",F10-E10) | H10: Small split-flow measured by bag method; no full cross-section stage/bed.
A12: GW Site | B12: Ground point elev (m) | C12: Depth to water (m) | D12: GW head (m) | E12: Notes
A13: FG1 | B13: =Groundwater!G4 | C13: =Groundwater!H4 | D13: =Groundwater!I4 | E13: Use as groundwater head calibration when DTW is entered.
A14: FG2 | B14: =Groundwater!G5 | C14: =Groundwater!H5 | D14: =Groundwater!I5 | E14: Combine with SF6 and stable isotopes later if desired.
A17: River-only calculated results (current notebook values)
A19: Site | B19: No.1 elev (m) | C19: Mean bed elev (m) | D19: Mean stage (m) | E19: Computed Q (m3/s) | F19: Observed Q target (m3/s) | G19: Residual Q | H19: Comment
A20: FR2 | B20: 2.8908477 | C20: 2.4518477 | D20: 2.6655144 | E20: 1.75035 | F20: 1.7 | G20: 0.05035 | H20: Good agreement with observed target.
A21: FR2 (repeat 3/24) | B21: =River_Points!G4 | C21: =FR2_0324!B8 | D21: =FR2_0324!B7 | E21: =FR2_0324!B9 | F21: =FR2_0324!B6 | G21: =E21-F21 | H21: Repeat measurement during pressure sensor recovery.
A22: FR3 | B22: 25.291919 | C22: 25.024086 | D22: 25.284519 | E22: 1.14422 | F22: 1.3 | G22: -0.15578 | H22: Lower than target; may reflect negative velocity at No.6.
A23: FR4 | B23: 32.131828 | C23: 31.551428 | D23: 31.558828 | E23: 0.0884465 | F23: 0.12 | G23: -0.0315535 | H23: Slightly below target; distances now fixed from notebook convention.
A24: FR5 | B24: =River_Points!G7 | C24: =FR5!B8 | D24: =FR5!B7 | E24: =FR5!B9 | F24: =FR5!B6 | G24: =E22-F22 | H24: Upper-stream village section from notebook.
A25: FR6 | B25: =River_Points!G8 | C25: =FR6!B8 | D25: =FR6!B7 | E25: =FR6!B9 | F25: =FR6!B6 | G25: =E23-F23 | H25: Confluence section from notebook.
A26: FR7 | B26: =River_Points!G9 | E26: =FR7!B9 | F26: =FR7!B6 | G26: =E24-F24 | H26: Bag-method total from two small flows.

Sheet FR5
A1: FR5 cross-section reduction
A3: Metadata | B3: Value
A4: Site | B4: FR5
A5: No.1 point elevation (m) | B5: =River_Points!G7
A6: Approx observed Q target (m3/s) | B6: 0.05747
A7: Section mean stage (m) | B7: =IF(COUNTA(F10:F40)=0,"",AVERAGE(F10:F40))
A8: Section mean bed elev (m) | B8: =IF(COUNTA(D10:D40)=0,"",AVERAGE(D10:D40)) | C8: Rod reading R (m) | D8: Point elev Z (m) | E8: Water depth d (m) | F8: Water surface elev Zw (m) | G8: Velocity (m/s) | H8: Assigned subsection width (m) | I8: Subsection area (m2) | J8: Subsection Q (m3/s) | K8: Notes
A9: Computed total Q (m3/s) | B9: =IF(COUNTA(J10:J40)=0,"",SUM(J10:J40)) | D9: =IF(C9="","",$B$5+($C$9-C9)) | F9: =IF(OR(D9="",E9=""),"",D9+E9) | I9: =IF(OR(E9="",H9=""),"",E9*H9) | J9: =IF(OR(I9="",G9=""),"",I9*G9) | K9: GNSS point on ground near river
A10: No.2 | B10: 4.3 | D10: =IF(C10="","",$B$5+($C$9-C10)) | E10: 0.36 | F10: =IF(OR(D10="",E10=""),"",D10+E10) | G10: 0.04 | I10: =IF(OR(E10="",H10=""),"",E10*H10) | J10: =IF(OR(I10="",G10=""),"",I10*G10)
A11: Point | B11: Distance from No.1 (m) | C11: Rod reading R (m) | D11: Point/bed elev Z (m) | E11: Water depth d (m) | F11: Water surface elev Zw (m) | G11: Velocity (m/s) | H11: Mid-section width (m) | I11: Subsection area (m2) | J11: Subsection Q (m3/s) | K11: Notes
A12: No.1 | B12: 0 | C12: 1.518 | D12: =IF(C12="","",$B$5+($C$12-C12)) | F12: =IF(OR(D12="",E12=""),"",D12+E12) | H12: =IF(B13="","",B13/2) | I12: =IF(OR(E12="",H12=""),"",E12*H12) | J12: =IF(OR(I12="",G12=""),"",I12*G12) | K12: GNSS point on ground near river; opposite-bank distance interpreted as 6.5 m.
A13: No.2 | B13: 0.5 | C13: 1.522 | D13: =IF(C13="","",$B$5+($C$12-C13)) | E13: 0.04 | F13: =IF(OR(D13="",E13=""),"",D13+E13) | H13: =IF(OR(B14="",B12=""),"", (B14-B12)/2) | I13: =IF(OR(E13="",H13=""),"",E13*H13) | J13: =IF(OR(I13="",G13=""),"",I13*G13) | K13: Velocity not measured/unclear in field note.
A14: No.3 | B14: 1.5 | C14: 1.615 | D14: =IF(C14="","",$B$5+($C$12-C14)) | E14: 0.14 | F14: =IF(OR(D14="",E14=""),"",D14+E14) | G14: 0.06 | H14: =IF(OR(B15="",B13=""),"", (B15-B13)/2) | I14: =IF(OR(E14="",H14=""),"",E14*H14) | J14: =IF(OR(I14="",G14=""),"",I14*G14)
A15: No.4 | B15: 2.5 | C15: 1.687 | D15: =IF(C15="","",$B$5+($C$12-C15)) | E15: 0.21 | F15: =IF(OR(D15="",E15=""),"",D15+E15) | G15: 0.016 | H15: =IF(OR(B16="",B14=""),"", (B16-B14)/2) | I15: =IF(OR(E15="",H15=""),"",E15*H15) | J15: =IF(OR(I15="",G15=""),"",I15*G15)
A16: No.5 | B16: 3.5 | C16: 1.788 | D16: =IF(C16="","",$B$5+($C$12-C16)) | E16: 0.21 | F16: =IF(OR(D16="",E16=""),"",D16+E16) | G16: 0.083 | H16: =IF(OR(B17="",B15=""),"", (B17-B15)/2) | I16: =IF(OR(E16="",H16=""),"",E16*H16) | J16: =IF(OR(I16="",G16=""),"",I16*G16)
A17: No.6 | B17: 4.5 | C17: 1.72 | D17: =IF(C17="","",$B$5+($C$12-C17)) | E17: 0.26 | F17: =IF(OR(D17="",E17=""),"",D17+E17) | G17: 0.038 | H17: =IF(OR(B18="",B16=""),"", (B18-B16)/2) | I17: =IF(OR(E17="",H17=""),"",E17*H17) | J17: =IF(OR(I17="",G17=""),"",I17*G17)
A18: No.7 | B18: 5.5 | C18: 2.052 | D18: =IF(C18="","",$B$5+($C$12-C18)) | E18: 0.575 | F18: =IF(OR(D18="",E18=""),"",D18+E18) | G18: 0.032 | H18: =IF(OR(B18="",B17=""),"", (B18-B17)) | I18: =IF(OR(E18="",H18=""),"",E18*H18) | J18: =IF(OR(I18="",G18=""),"",I18*G18)

Sheet FR6
A1: FR6 cross-section reduction
A3: Metadata | B3: Value
A4: Site | B4: FR6
A5: No.1 point elevation (m) | B5: =River_Points!G8
A6: Approx observed Q target (m3/s) | B6: 0.1943525
A7: Section mean stage (m) | B7: =IF(COUNTA(F10:F40)=0,"",AVERAGE(F10:F40))
A8: Section mean bed elev (m) | B8: =IF(COUNTA(D10:D40)=0,"",AVERAGE(D10:D40)) | C8: Rod reading R (m) | D8: Point elev Z (m) | E8: Water depth d (m) | F8: Water surface elev Zw (m) | G8: Velocity (m/s) | H8: Assigned subsection width (m) | I8: Subsection area (m2) | J8: Subsection Q (m3/s) | K8: Notes
A9: Computed total Q (m3/s) | B9: =IF(COUNTA(J10:J40)=0,"",SUM(J10:J40)) | D9: =IF(C9="","",$B$5+($C$9-C9)) | F9: =IF(OR(D9="",E9=""),"",D9+E9) | I9: =IF(OR(E9="",H9=""),"",E9*H9) | J9: =IF(OR(I9="",G9=""),"",I9*G9) | K9: GNSS point on ground near river
A10: No.2 | B10: 4.3 | D10: =IF(C10="","",$B$5+($C$9-C10)) | E10: 0.36 | F10: =IF(OR(D10="",E10=""),"",D10+E10) | G10: 0.04 | I10: =IF(OR(E10="",H10=""),"",E10*H10) | J10: =IF(OR(I10="",G10=""),"",I10*G10)
A11: Point | B11: Distance from No.1 (m) | C11: Rod reading R (m) | D11: Point/bed elev Z (m) | E11: Water depth d (m) | F11: Water surface elev Zw (m) | G11: Velocity (m/s) | H11: Mid-section width (m) | I11: Subsection area (m2) | J11: Subsection Q (m3/s) | K11: Notes
A12: No.1 | B12: 0 | C12: 1.178 | D12: =IF(C12="","",$B$5+($C$12-C12)) | F12: =IF(OR(D12="",E12=""),"",D12+E12) | H12: =IF(B13="","",B13/2) | I12: =IF(OR(E12="",H12=""),"",E12*H12) | J12: =IF(OR(I12="",G12=""),"",I12*G12) | K12: GNSS point on ground near river; opposite-bank distance interpreted as 14 m.
A13: No.8 | B13: 1 | C13: 1.318 | D13: =IF(C13="","",$B$5+($C$12-C13)) | E13: 0.185 | F13: =IF(OR(D13="",E13=""),"",D13+E13) | G13: 0.003 | H13: =IF(OR(B14="",B12=""),"", (B14-B12)/2) | I13: =IF(OR(E13="",H13=""),"",E13*H13) | J13: =IF(OR(I13="",G13=""),"",I13*G13) | K13: Stationing converted from opposite-bank distances in notebook.
A14: No.7 | B14: 3 | C14: 1.93 | D14: =IF(C14="","",$B$5+($C$12-C14)) | E14: 0.623 | F14: =IF(OR(D14="",E14=""),"",D14+E14) | G14: 0 | H14: =IF(OR(B15="",B13=""),"", (B15-B13)/2) | I14: =IF(OR(E14="",H14=""),"",E14*H14) | J14: =IF(OR(I14="",G14=""),"",I14*G14)
A15: No.6 | B15: 5 | C15: 2.335 | D15: =IF(C15="","",$B$5+($C$12-C15)) | E15: 1.013 | F15: =IF(OR(D15="",E15=""),"",D15+E15) | G15: 0.022 | H15: =IF(OR(B16="",B14=""),"", (B16-B14)/2) | I15: =IF(OR(E15="",H15=""),"",E15*H15) | J15: =IF(OR(I15="",G15=""),"",I15*G15)
A16: No.5 | B16: 7 | C16: 2.345 | D16: =IF(C16="","",$B$5+($C$12-C16)) | E16: 1.023 | F16: =IF(OR(D16="",E16=""),"",D16+E16) | G16: 0.033 | H16: =IF(OR(B17="",B15=""),"", (B17-B15)/2) | I16: =IF(OR(E16="",H16=""),"",E16*H16) | J16: =IF(OR(I16="",G16=""),"",I16*G16)
A17: No.4 | B17: 9 | C17: 1.762 | D17: =IF(C17="","",$B$5+($C$12-C17)) | E17: 0.205 | F17: =IF(OR(D17="",E17=""),"",D17+E17) | G17: 0.041 | H17: =IF(OR(B18="",B16=""),"", (B18-B16)/2) | I17: =IF(OR(E17="",H17=""),"",E17*H17) | J17: =IF(OR(I17="",G17=""),"",I17*G17) | K17: Rod reading for No.4 is somewhat uncertain in photo; verify later if needed.
A18: No.3 | B18: 11 | C18: 1.762 | D18: =IF(C18="","",$B$5+($C$12-C18)) | E18: 0.425 | F18: =IF(OR(D18="",E18=""),"",D18+E18) | G18: 0.07 | H18: =IF(OR(B19="",B17=""),"", (B19-B17)/2) | I18: =IF(OR(E18="",H18=""),"",E18*H18) | J18: =IF(OR(I18="",G18=""),"",I18*G18)
A19: No.2 | B19: 13 | C19: 1.492 | D19: =IF(C19="","",$B$5+($C$12-C19)) | E19: 0.16 | F19: =IF(OR(D19="",E19=""),"",D19+E19) | G19: 0.016 | H19: =IF(OR(B19="",B18=""),"", (B19-B18)) | I19: =IF(OR(E19="",H19=""),"",E19*H19) | J19: =IF(OR(I19="",G19=""),"",I19*G19)

Sheet FR7
A1: FR7 small split-flow measurement
A3: Metadata | B3: Value
A4: Site | B4: FR7
A5: No.1 point elevation (m) | B5: =River_Points!G9
A6: Approx observed Q target (m3/s) | B6: 0.022666667
A7: Method | B7: Bag method (two small split flows)
A8: Reference elev / stage | B8: Not surveyed as full cross-section; use No.1 elev and total Q only | C8: Rod reading R (m) | D8: Point elev Z (m) | E8: Water depth d (m) | F8: Water surface elev Zw (m) | G8: Velocity (m/s) | H8: Assigned subsection width (m)
A9: Computed total Q (m3/s) | B9: =SUM(J12:J14) | D9: =IF(C9="","",$B$5+($C$9-C9)) | F9: =IF(OR(D9="",E9=""),"",D9+E9) | I9: =IF(OR(E9="",H9=""),"",E9*H9) | J9: =IF(OR(I9="",G9=""),"",I9*G9) | K9: GNSS point on ground near river
A10: No.2 | B10: 4.3 | D10: =IF(C10="","",$B$5+($C$9-C10)) | E10: 0.36 | F10: =IF(OR(D10="",E10=""),"",D10+E10) | G10: 0.04 | I10: =IF(OR(E10="",H10=""),"",E10*H10) | J10: =IF(OR(I10="",G10=""),"",I10*G10)
A11: Branch | B11: Volume (L) | C11: Time (s) | D11: Flow (L/s) | E11: Flow (m3/s) | F11: Notes | G11: Velocity (m/s) | H11: Mid-section width (m) | I11: Subsection area (m2) | J11: Subsection Q (m3/s) | K11: Notes
A12: Flow 1 | B12: 9.6 | C12: 0.5 | D12: =IF(OR(B12="",C12=""),"",B12/C12) | E12: =IF(D12="","",D12/1000) | F12: Bag method
A13: Flow 2 | B13: 5.2 | C13: 1.5 | D13: =IF(OR(B13="",C13=""),"",B13/C13) | E13: =IF(D13="","",D13/1000) | F13: Bag method
A14: Total | D14: =SUM(D12:D13) | E14: =SUM(E12:E13) | F14: Total small split-flow discharge

Sheet Model_River_Obs
A1: MODFLOW river observation table (survey-derived field values + model comparison)
A3: Site | B3: Lat | C3: Lon | D3: Method | E3: No.1 elev (m) | F3: Mean bed elev (m) | G3: Mean stage (m) | H3: Field-calculated Q (m3/s) | I3: Simulated Q (m3/s) | J3: Suggested package use | K3: Remarks
A4: FR2 | B4: =River_Points!B4 | C4: =River_Points!C4 | D4: cross-section | E4: =River_Points!G4 | F4: =FR2!B8 | G4: =FR2!B7 | H4: =FR2!B9 | J4: RIV or DRN calibration | K4: Main Lakilaki River; strongest discharge target.
A5: FR2 (repeat 3/24) | B5: =River_Points!B4 | C5: =River_Points!C4 | D5: cross-section repeat | E5: =River_Points!G4 | F5: =FR2_0324!B8 | G5: =FR2_0324!B7 | H5: =FR2_0324!B9 | J5: RIV or DRN validation | K5: Repeat during pressure sensor recovery; useful for range/uncertainty.
A6: FR3 | B6: =River_Points!B5 | C6: =River_Points!C5 | D6: cross-section | E6: =River_Points!G5 | F6: =FR3!B8 | G6: =FR3!B7 | H6: =FR3!B9 | J6: RIV or DRN calibration | K6: Velocity transcription confirmed by field note.
A7: FR4 | B7: =River_Points!B6 | C7: =River_Points!C6 | D7: cross-section | E7: =River_Points!G6 | F7: =FR4!B8 | G7: =FR4!B7 | H7: =FR4!B9 | J7: RIV or DRN calibration | K7: Small neighboring basin stream.
A8: FR5 | B8: =River_Points!B7 | C8: =River_Points!C7 | D8: cross-section | E8: =River_Points!G7 | F8: =FR5!B8 | G8: =FR5!B7 | H8: =FR5!B9 | J8: Upper-basin calibration | K8: Upper village reach.
A9: FR6 | B9: =River_Points!B8 | C9: =River_Points!C8 | D9: cross-section | E9: =River_Points!G8 | F9: =FR6!B8 | G9: =FR6!B7 | H9: =FR6!B9 | J9: Upper-basin calibration | K9: Downstream of confluence.
A10: FR7 | B10: =River_Points!B9 | C10: =River_Points!C9 | D10: bag method | E10: =River_Points!G9 | H10: =FR7!B9 | J10: Spot discharge only | K10: Use as upper-basin discharge checkpoint, not full stage/bed section.
A12: Suggested calibration sequence
A13: Priority 1 | B13: FR2 + FR3 | D13: Match main-basin discharge first
A14: Priority 2 | B14: FR4 | D14: Then enforce neighboring small basin magnitude
A15: Priority 3 | B15: FR5 + FR6 + FR7 | D15: Use upper-basin gradient in discharge as structural check

Sheet Model_GW_Obs
A1: MODFLOW groundwater observation table
A3: Site | B3: Type | C3: Lat | D3: Lon | E3: Ground elev (m) | F3: Depth to water (m) | G3: GW head (m) | H3: EC / salinity note | I3: Sample collected | J3: Use in model | K3: Status | L3: Remarks
A4: FG1 | B4: well | C4: =Groundwater!B4 | D4: =Groundwater!C4 | E4: =Groundwater!G4 | F4: =Groundwater!H4 | G4: =Groundwater!I4 | H4: EC 323 µS/cm; low DO | I4: yes | J4: Head calibration | K4: DTW confirmed from sheet | L4: Existing point from earlier survey.
A5: FG2 | B5: well | C5: =Groundwater!B5 | D5: =Groundwater!C5 | E5: =Groundwater!G5 | F5: =Groundwater!H5 | G5: =Groundwater!I5 | H5: EC 447 µS/cm | I5: yes | J5: Potential head calibration | K5: Sketch values need confirmation | L5: Existing point from earlier survey.
A6: FG3 | B6: spring | C6: =Groundwater!B6 | D6: =Groundwater!C6 | E6: =Groundwater!G6 | F6: =Groundwater!H6 | G6: =Groundwater!I6 | H6: EC 297 µS/cm; spring | I6: yes | J6: Chemistry / spring checkpoint | K6: No DTW | L6: Total flow = 0.003484 m3/s from two outlets of same source.
A7: FG4 | B7: well | C7: =Groundwater!B7 | D7: =Groundwater!C7 | E7: =Groundwater!G7 | F7: =Groundwater!H7 | G7: =Groundwater!I7 | H7: EC 542 µS/cm | I7: yes | J7: Potential head calibration | K7: Sketch values need confirmation | L7: Very important for coastal boundary and fresh near-shore groundwater.
A8: FG5 | B8: warm groundwater | C8: =Groundwater!B8 | D8: =Groundwater!C8 | E8: =Groundwater!G8 | F8: =Groundwater!H8 | G8: =Groundwater!I8 | H8: EC 693 µS/cm; warm | I8: yes | J8: Chemistry / thermal checkpoint | K8: No DTW | L8: Use if a second Lakilaki-town well is found.
A9: FG6 | B9: warm groundwater | C9: =Groundwater!B9 | D9: =Groundwater!C9 | E9: =Groundwater!G9 | F9: =Groundwater!H9 | G9: =Groundwater!I9 | H9: EC 411 µS/cm; warm | I9: yes | J9: Chemistry / thermal checkpoint | K9: No DTW
A10: Interpretation notes
A11: FG7 | B11: well | C11: =Groundwater!B10 | D11: =Groundwater!C10 | E11: =Groundwater!G10 | F11: =Groundwater!H10 | G11: =Groundwater!I10 | H11: EC 249 µS/cm; very low ORP | I11: yes | J11: Potential head calibration | K11: Sketch values need confirmation
A12: FG8 | B12: well | C12: =Groundwater!B11 | D12: =Groundwater!C11 | E12: =Groundwater!G11 | F12: =Groundwater!H11 | G12: =Groundwater!I11 | H12: EC 705 µS/cm | I12: yes | J12: Potential head calibration | K12: Sketch values need confirmation
A13: FG9 | B13: well? | C13: =Groundwater!B12 | D13: =Groundwater!C12 | E13: =Groundwater!G12 | F13: =Groundwater!H12 | G13: =Groundwater!I12 | H13: EC 193.4 µS/cm | I13: yes | J13: Chemistry checkpoint | K13: No DTW
A14: FG10 | B14: well? | C14: =Groundwater!B13 | D14: =Groundwater!C13 | E14: =Groundwater!G13 | F14: =Groundwater!H13 | G14: =Groundwater!I13 | H14: EC 132.8 µS/cm | I14: yes | J14: Chemistry checkpoint | K14: No GNSS in workbook yet

Sheet Calibration_Plan
A1: Suggested base-model revision sequence after Fiji field survey
A3: Step | B3: Goal | C3: Primary data | D3: Main parameters/packages | E3: Notes
A4: 1 | B4: Consolidate observation inputs | C4: Model_River_Obs + Model_GW_Obs | D4: Observation tables only | E4: Finish coordinates, depth to water, EC notes, and exact EGM96 N later.
A5: 2 | B5: Update river boundary elevations | C5: FR2-FR6 sections | D5: RIV stage / riverbed or DRN reference elevations | E5: Use section mean stage and mean bed elevation from reduced cross-sections.
A6: 3 | B6: Match main-basin discharge | C6: FR2, FR3 | D6: Recharge zones, K zones, river conductance, coastal boundary strength | E6: Main basin should be matched before small tributaries.
A7: 4 | B7: Match neighboring small basin | C7: FR4 | D7: Recharge zone in adjacent basin, local K, local river conductance | E7: Use FR4 as small-basin constraint.
A8: 5 | B8: Check upper-basin structure | C8: FR5, FR6, FR7 | D8: Upper-zone recharge and drainage structure | E8: Need correct discharge increase from FR7 to FR6.
A9: 6 | B9: Match groundwater heads | C9: FG1, FG2, coastal well | D9: Recharge, K, coastal boundary, river interaction | E9: Coastal fresh well is especially valuable.
A10: 7 | B10: Interpret with tracers | C10: FG3, coastal well, future SF6 / isotopes | D10: Conceptual model support only | E10: Use for plausibility, recharge origin, and residence-time interpretation.
A12: Immediate to-do
A13: A | B13: Enter FG1 / FG2 depth to water
A14: B | B14: Add coastal well coordinates, ground elevation basis, DTW, and EC
A15: C | B15: Replace provisional geoid N = 55 m with exact EGM96 values when available
A16: D | B16: Move river observation table into notebook and compare simulated vs observed discharge

Sheet FR2_0324
A1: FR2 repeat cross-section (2026-03-24)
A3: Metadata | B3: Value
A4: Site | B4: FR2
A5: No.1 point elevation (m) | B5: =River_Points!G4
A6: Approx observed Q target (m3/s) | B6: 1.8
A7: Section mean stage (m) | B7: =IF(COUNTA(F10:F40)=0,"",AVERAGE(F10:F40))
A8: Section mean bed elev (m) | B8: =IF(COUNTA(D10:D40)=0,"",AVERAGE(D10:D40)) | C8: Rod reading R (m) | D8: Point elev Z (m) | E8: Water depth d (m) | F8: Water surface elev Zw (m) | G8: Velocity (m/s) | H8: Assigned subsection width (m) | I8: Subsection area (m2) | J8: Subsection Q (m3/s) | K8: Notes
A9: Computed total Q (m3/s) | B9: =IF(COUNTA(J10:J40)=0,"",SUM(J10:J40)) | D9: =IF(C9="","",$B$5+($C$9-C9)) | F9: =IF(OR(D9="",E9=""),"",D9+E9) | I9: =IF(OR(E9="",H9=""),"",E9*H9) | J9: =IF(OR(I9="",G9=""),"",I9*G9) | K9: GNSS point on ground near river
A10: No.2 | B10: 5 | D10: =IF(C10="","",$B$5+($C$9-C10)) | E10: 0.56 | F10: =IF(OR(D10="",E10=""),"",D10+E10) | G10: 0.32 | I10: =IF(OR(E10="",H10=""),"",E10*H10) | J10: =IF(OR(I10="",G10=""),"",I10*G10)
A11: Point | B11: Distance from No.1 (m) | C11: Rod reading R (m) | D11: Point/bed elev Z (m) | E11: Water depth d (m) | F11: Water surface elev Zw (m) | G11: Velocity (m/s) | H11: Mid-section width (m) | I11: Subsection area (m2) | J11: Subsection Q (m3/s) | K11: Notes
A12: No.1 | B12: 0 | C12: 1.783 | D12: =IF(C12="","",$B$5+($C$12-C12)) | F12: =IF(OR(D12="",E12=""),"",D12+E12) | H12: =IF(B13="","",B13/2) | I12: =IF(OR(E12="",H12=""),"",E12*H12) | J12: =IF(OR(I12="",G12=""),"",I12*G12) | K12: GNSS point on ground near river; repeat measurement during pressure sensor recovery.
A13: No.2 | B13: 3 | C13: 2.421 | D13: =IF(C13="","",$B$5+($C$12-C13)) | E13: 0.53 | F13: =IF(OR(D13="",E13=""),"",D13+E13) | G13: 0.385 | H13: =IF(OR(B14="",B12=""),"", (B14-B12)/2) | I13: =IF(OR(E13="",H13=""),"",E13*H13) | J13: =IF(OR(I13="",G13=""),"",I13*G13)
A14: No.3 | B14: 6 | C14: 2.455 | D14: =IF(C14="","",$B$5+($C$12-C14)) | E14: 0.525 | F14: =IF(OR(D14="",E14=""),"",D14+E14) | G14: 0.366 | H14: =IF(OR(B15="",B13=""),"", (B15-B13)/2) | I14: =IF(OR(E14="",H14=""),"",E14*H14) | J14: =IF(OR(I14="",G14=""),"",I14*G14)
A15: No.4 | B15: 9 | C15: 2.203 | D15: =IF(C15="","",$B$5+($C$12-C15)) | E15: 0.305 | F15: =IF(OR(D15="",E15=""),"",D15+E15) | G15: 0.302 | H15: =IF(OR(B16="",B14=""),"", (B16-B14)/2) | I15: =IF(OR(E15="",H15=""),"",E15*H15) | J15: =IF(OR(I15="",G15=""),"",I15*G15)
A16: No.5 | B16: 12 | C16: 2.046 | D16: =IF(C16="","",$B$5+($C$12-C16)) | E16: 0.14 | F16: =IF(OR(D16="",E16=""),"",D16+E16) | G16: 0.342 | H16: =IF(OR(B16="",B15=""),"", (B16-B15)/2) | I16: =IF(OR(E16="",H16=""),"",E16*H16) | J16: =IF(OR(I16="",G16=""),"",I16*G16) | K16: Turbidity noted around 0.3 NTU in field book.

Sheet Chemistry_Notes
A1: Field water chemistry notes (best-effort transcription)
A3: Site | B3: Date | C3: Time | D3: Type | E3: Lat | F3: Lon | G3: pH | H3: EC (µS/cm) | I3: ORP (mV) | J3: DO1 (mg/L) | K3: DO2 (mg/L) | L3: Temp1 (°C) | M3: Temp2 (°C) | N3: Turbidity | O3: Wellhead (m) | P3: Water level / DTW note | Q3: Other notes
A4: FG1? | B4: 2026-03-20 | C4: 09:45 | D4: well? | G4: 7.82 | H4: 6170 | I4: 164.2 | J4: 4.24 | K4: 6.13 | L4: 25 | M4: 28.6 | N4: 3.3 | Q4: Top-left sheet label looks like FG1, but EC is much higher than later FG1 sheet; confirm site name
A5: FR2 | B5: 2026-03-20 | C5: 11:15 | D5: river | E5: -17.380329 | F5: 178.15411 | G5: 8.15 | H5: 312 | I5: 226.9 | J5: 5.5 | K5: 8.3 | L5: 25 | M5: 28.1 | N5: 5.9 | Q5: River water chemistry sheet
A6: FR3 | B6: 2026-03-20 | C6: 14:38 | D6: river | E6: -17.403355 | F6: 178.1147 | G6: 8.47 | H6: 269 | I6: 199.4 | J6: 6.92 | K6: 8.6 | L6: 25 | M6: 30.3 | N6: 0 | Q6: River water chemistry sheet
A7: FG1 | B7: 2026-03-20 | C7: 16:51 | D7: well | E7: -17.357254 | F7: 178.18272 | G7: 6.72 | H7: 323 | I7: 230.1 | J7: 1.23 | K7: 2.9 | L7: 25 | M7: 28.5 | P7: DTW(GL)=2.83 m; well depth(GL)=5.5 m | Q7: Main FG1 groundwater sheet
A8: FG2 | B8: 2026-03-20 | C8: 17:54 | D8: well | E8: -17.358543 | F8: 178.18754 | G8: 7.06 | H8: 447 | I8: 219.9 | J8: 1.53 | L8: 25 | M8: 27.3 | O8: 0.45 | P8: Sketch values 2.230 m and 3.4 m need interpretation
A9: FR5 | B9: 2026-03-21 | C9: 10:50 | D9: river | E9: -17.4253 | F9: 178.07793 | G9: 8.3 | H9: 226 | I9: 235.4 | J9: 6.95 | K9: 9 | L9: 25 | M9: 29.7 | N9: 0 | Q9: River water chemistry sheet
A10: FR6 | B10: 2026-03-21 | C10: 11:43 | D10: river | E10: -17.421141 | F10: 178.0783 | G10: 8.43 | H10: 262 | I10: 190.1 | J10: 6.38 | K10: 7.23 | L10: 25 | M10: 33.8 | N10: 0 | Q10: River water chemistry sheet
A11: FG3 | B11: 2026-03-21 | C11: 17:00 | D11: spring | E11: -17.400438 | F11: 178.23742 | G11: 8.11 | H11: 297 | I11: 219.6 | J11: 6.3 | K11: 6.95 | L11: 25 | M11: 33.6 | Q11: Spring / special water
A12: FG4 | B12: 2026-03-21 | C12: 19:04 | D12: well | E12: -17.335199 | F12: 178.21118 | G12: 7.16 | H12: 542 | I12: 125.9 | J12: 2.79 | K12: 7.63 | L12: 25 | M12: 28.8 | O12: 0.55 | P12: Sketch shows 2.910 m
A13: FG5 | B13: 2026-03-22 | C13: 15:22 | D13: warm groundwater | E13: -17.358775 | F13: 178.18485 | G13: 6.92 | H13: 693 | I13: 209.6 | J13: 4.76 | K13: 7.06 | L13: 25 | M13: 36.5 | Q13: Warm water / spring influenced
A14: FG6 | B14: 2026-03-22 | C14: 16:03 | D14: warm groundwater | E14: -17.401879 | F14: 178.13796 | G14: 7.65 | H14: 411 | I14: 137.6 | J14: 1.48 | K14: 1.93 | L14: 25 | M14: 36.7 | Q14: Warm water / spring influenced
A15: FG7 | B15: 2026-03-22 | C15: 17:44 | D15: well | E15: -17.404422 | F15: 178.13258 | G15: 7.02 | H15: 249 | I15: -4.4 | J15: 0.4 | K15: 1.29 | L15: 25 | M15: 27.4 | O15: 0.42 | P15: Sketch shows 5.1 m and ~7.75 m | Q15: Need depth interpretation
A16: FG8 | B16: 2026-03-23 | C16: 14:09 | D16: well | E16: -17.400856 | F16: 178.14031 | G16: 6.53 | H16: 705 | I16: 143.9 | J16: 2.38 | K16: 2.99 | L16: 25 | M16: 29.5 | O16: 0.4 | P16: Sketch suggests DTW~4.70 m and depth~6.70 m? | Q16: Need confirmation
A17: FG9 | B17: 2026-03-25 | C17: 10:56 | D17: well? | E17: -17.647124 | F17: 178.75972 | G17: 6.21 | H17: 193.4 | I17: 260.2 | J17: 4.68 | K17: 7.51 | L17: 25 | M17: 31.7 | Q17: No water-level values visible
A18: FG10 | B18: 2026-03-25 | C18: 11:22 | D18: well? | G18: 7.22 | H18: 132.8 | I18: 103.9 | J18: 10.24 | K18: 0.24 | L18: 25 | M18: 23.9 | Q18: GNSS not linked yet; DO value should be checked

Sheet GW_Uncertainty
A1: Uncertain groundwater fields to confirm
A3: Site | B3: Field needing confirmation | C3: Observed sketch/text | D3: Current workbook treatment | E3: Priority
A4: FG1? (09:45 sheet) | B4: Whether this is truly FG1 | C4: Label looks like FG1 but EC is 6.17 mS/cm, unlike later FG1 well sheet | D4: Kept in Chemistry_Notes with caution | E4: High
A5: FG2 | B5: Depth to water and total depth | C5: Wellhead 0.45 m; sketch shows 2.230 m and 3.4 m | D5: DTW left blank; kept as potential head point | E5: High
A6: FG4 | B6: Depth to water | C6: Wellhead 0.55 m; sketch shows 2.910 m | D6: DTW left blank; kept as potential head point | E6: High
A7: FG7 | B7: Depth to water and total depth | C7: Wellhead 0.42 m; sketch shows 5.1 m and ~7.75 m | D7: DTW left blank; kept as potential head point | E7: High
A8: FG8 | B8: Depth to water and total depth | C8: Wellhead 0.40 m; sketch suggests ~4.70 m and ~6.70 m | D8: DTW left blank; kept as potential head point | E8: High
A9: FG9 | B9: Water level information | C9: No water level visible on sheet | D9: Chemistry only | E9: Medium
A10: FG10 | B10: GNSS link and DO value | C10: No GNSS screenshot linked; DO written as 10.24/0.24 | D10: Chemistry only | E10: Medium
